<?xml version="1.0" encoding="UTF-8"?>
 <!--This file was generated by the ALFA Plugin for Eclipse from Axiomatics AB (http://www.axiomatics.com). 
 Any modification to this file will be lost upon recompilation of the source ALFA file-->
<xacml3:PolicySet xmlns:xacml3="urn:oasis:names:tc:xacml:3.0:core:schema:wd-17"
    PolicySetId="http://axiomatics.com/alfa/identifier/fivePolicy.ps1"
    PolicyCombiningAlgId="urn:oasis:names:tc:xacml:1.0:policy-combining-algorithm:first-applicable"
    Version="1.0">
    <xacml3:Description />
    <xacml3:PolicySetDefaults>
        <xacml3:XPathVersion>http://www.w3.org/TR/1999/REC-xpath-19991116</xacml3:XPathVersion>
    </xacml3:PolicySetDefaults>
    <xacml3:Target />
    <xacml3:Policy xmlns:xacml3="urn:oasis:names:tc:xacml:3.0:core:schema:wd-17"
        PolicyId="http://axiomatics.com/alfa/identifier/fivePolicy.ps1.p1"
        RuleCombiningAlgId="urn:oasis:names:tc:xacml:1.0:rule-combining-algorithm:first-applicable"
        Version="1.0">
        <xacml3:Description />
        <xacml3:PolicyDefaults>
            <xacml3:XPathVersion>http://www.w3.org/TR/1999/REC-xpath-19991116</xacml3:XPathVersion>
        </xacml3:PolicyDefaults>
        <xacml3:Target>
            <xacml3:AnyOf>
                <xacml3:AllOf>
                    <xacml3:Match MatchId="urn:oasis:names:tc:xacml:1.0:function:string-equal">
                        <xacml3:AttributeValue
                            DataType="http://www.w3.org/2001/XMLSchema#string">employees</xacml3:AttributeValue>
                        <xacml3:AttributeDesignator 
                            AttributeId="urn:oasis:names:tc:xacml:1.0:subject:group"
                            DataType="http://www.w3.org/2001/XMLSchema#string"
                            Category="urn:oasis:names:tc:xacml:3.0:attribute-category:delegated:urn:oasis:names:tc:xacml:1.0:subject-category:access-subject"
                            MustBePresent="false"
                        />
                    </xacml3:Match>
                </xacml3:AllOf>
            </xacml3:AnyOf>
            <xacml3:AnyOf>
                <xacml3:AllOf>
                    <xacml3:Match MatchId="urn:oasis:names:tc:xacml:1.0:function:string-equal">
                        <xacml3:AttributeValue
                            DataType="http://www.w3.org/2001/XMLSchema#string">printers</xacml3:AttributeValue>
                        <xacml3:AttributeDesignator 
                            AttributeId="urn:oasis:names:tc:xacml:1.0:resource:group"
                            DataType="http://www.w3.org/2001/XMLSchema#string"
                            Category="urn:oasis:names:tc:xacml:3.0:attribute-category:delegated:urn:oasis:names:tc:xacml:3.0:attribute-category:resource"
                            MustBePresent="false"
                        />
                    </xacml3:Match>
                </xacml3:AllOf>
            </xacml3:AnyOf>
            <xacml3:AnyOf>
                <xacml3:AllOf>
                    <xacml3:Match MatchId="urn:oasis:names:tc:xacml:1.0:function:string-equal">
                        <xacml3:AttributeValue
                            DataType="http://www.w3.org/2001/XMLSchema#string">printer_admins</xacml3:AttributeValue>
                        <xacml3:AttributeDesignator 
                            AttributeId="urn:oasis:names:tc:xacml:1.0:subject:group"
                            DataType="http://www.w3.org/2001/XMLSchema#string"
                            Category="urn:oasis:names:tc:xacml:3.0:attribute-category:delegate"
                            MustBePresent="false"
                        />
                    </xacml3:Match>
                </xacml3:AllOf>
            </xacml3:AnyOf>
        </xacml3:Target>
        <xacml3:Rule 
                Effect="Permit"
                RuleId="http://axiomatics.com/alfa/identifier/fivePolicy.ps1.p1.Id_253">
            <xacml3:Description />
            <xacml3:Target />
        </xacml3:Rule>
    </xacml3:Policy>
    <xacml3:Policy xmlns:xacml3="urn:oasis:names:tc:xacml:3.0:core:schema:wd-17"
        PolicyId="http://axiomatics.com/alfa/identifier/fivePolicy.ps1.p2"
        RuleCombiningAlgId="urn:oasis:names:tc:xacml:1.0:rule-combining-algorithm:first-applicable"
        Version="1.0">
        <xacml3:Description />
        <xacml3:PolicyDefaults>
            <xacml3:XPathVersion>http://www.w3.org/TR/1999/REC-xpath-19991116</xacml3:XPathVersion>
        </xacml3:PolicyDefaults>
        <xacml3:Target>
            <xacml3:AnyOf>
                <xacml3:AllOf>
                    <xacml3:Match MatchId="urn:oasis:names:tc:xacml:1.0:function:string-equal">
                        <xacml3:AttributeValue
                            DataType="http://www.w3.org/2001/XMLSchema#string">employees</xacml3:AttributeValue>
                        <xacml3:AttributeDesignator 
                            AttributeId="urn:oasis:names:tc:xacml:1.0:subject:group"
                            DataType="http://www.w3.org/2001/XMLSchema#string"
                            Category="urn:oasis:names:tc:xacml:3.0:attribute-category:delegated:urn:oasis:names:tc:xacml:1.0:subject-category:access-subject"
                            MustBePresent="false"
                        />
                    </xacml3:Match>
                </xacml3:AllOf>
            </xacml3:AnyOf>
            <xacml3:AnyOf>
                <xacml3:AllOf>
                    <xacml3:Match MatchId="urn:oasis:names:tc:xacml:1.0:function:string-equal">
                        <xacml3:AttributeValue
                            DataType="http://www.w3.org/2001/XMLSchema#string">internal_web</xacml3:AttributeValue>
                        <xacml3:AttributeDesignator 
                            AttributeId="urn:oasis:names:tc:xacml:1.0:resource:group"
                            DataType="http://www.w3.org/2001/XMLSchema#string"
                            Category="urn:oasis:names:tc:xacml:3.0:attribute-category:delegated:urn:oasis:names:tc:xacml:3.0:attribute-category:resource"
                            MustBePresent="false"
                        />
                    </xacml3:Match>
                </xacml3:AllOf>
            </xacml3:AnyOf>
            <xacml3:AnyOf>
                <xacml3:AllOf>
                    <xacml3:Match MatchId="urn:oasis:names:tc:xacml:1.0:function:string-equal">
                        <xacml3:AttributeValue
                            DataType="http://www.w3.org/2001/XMLSchema#string">web_admins</xacml3:AttributeValue>
                        <xacml3:AttributeDesignator 
                            AttributeId="urn:oasis:names:tc:xacml:1.0:subject:group"
                            DataType="http://www.w3.org/2001/XMLSchema#string"
                            Category="urn:oasis:names:tc:xacml:3.0:attribute-category:delegate"
                            MustBePresent="false"
                        />
                    </xacml3:Match>
                </xacml3:AllOf>
            </xacml3:AnyOf>
        </xacml3:Target>
        <xacml3:Rule 
                Effect="Permit"
                RuleId="http://axiomatics.com/alfa/identifier/fivePolicy.ps1.p2.Id_254">
            <xacml3:Description />
            <xacml3:Target />
        </xacml3:Rule>
    </xacml3:Policy>
</xacml3:PolicySet>
