<?xml version="1.0" encoding="UTF-8"?>
 <!--This file was generated by the ALFA Plugin for Eclipse from Axiomatics AB (http://www.axiomatics.com). 
 Any modification to this file will be lost upon recompilation of the source ALFA file-->
<xacml3:Policy xmlns:xacml3="urn:oasis:names:tc:xacml:3.0:core:schema:wd-17"
    PolicyId="http://axiomatics.com/alfa/identifier/fivePolicy.p3"
    RuleCombiningAlgId="urn:oasis:names:tc:xacml:1.0:rule-combining-algorithm:first-applicable"
    Version="1.0">
    <xacml3:Description />
    <xacml3:PolicyDefaults>
        <xacml3:XPathVersion>http://www.w3.org/TR/1999/REC-xpath-19991116</xacml3:XPathVersion>
    </xacml3:PolicyDefaults>
    <PolicyIssuer>
      <Attribute IncludeInResult="false" AttributeId="urn:oasis:names:tc:xacml:1.0:subject:group">
        <AttributeValue DataType="http://www.w3.org/2001/XMLSchema#string">printer_admins</AttributeValue>
      </Attribute>
    </PolicyIssuer>
    <xacml3:Target>
        <xacml3:AnyOf>
            <xacml3:AllOf>
                <xacml3:Match MatchId="urn:oasis:names:tc:xacml:1.0:function:string-equal">
                    <xacml3:AttributeValue
                        DataType="http://www.w3.org/2001/XMLSchema#string">eng_department</xacml3:AttributeValue>
                    <xacml3:AttributeDesignator 
                        AttributeId="urn:oasis:names:tc:xacml:1.0:subject:group"
                        DataType="http://www.w3.org/2001/XMLSchema#string"
                        Category="urn:oasis:names:tc:xacml:3.0:attribute-category:delegated:urn:oasis:names:tc:xacml:1.0:subject-category:access-subject"
                        MustBePresent="false"
                    />
                </xacml3:Match>
            </xacml3:AllOf>
        </xacml3:AnyOf>
        <xacml3:AnyOf>
            <xacml3:AllOf>
                <xacml3:Match MatchId="urn:oasis:names:tc:xacml:1.0:function:string-equal">
                    <xacml3:AttributeValue
                        DataType="http://www.w3.org/2001/XMLSchema#string">printers</xacml3:AttributeValue>
                    <xacml3:AttributeDesignator 
                        AttributeId="urn:oasis:names:tc:xacml:1.0:resource:group"
                        DataType="http://www.w3.org/2001/XMLSchema#string"
                        Category="urn:oasis:names:tc:xacml:3.0:attribute-category:delegated:urn:oasis:names:tc:xacml:3.0:attribute-category:resource"
                        MustBePresent="false"
                    />
                </xacml3:Match>
            </xacml3:AllOf>
        </xacml3:AnyOf>
        <xacml3:AnyOf>
            <xacml3:AllOf>
                <xacml3:Match MatchId="urn:oasis:names:tc:xacml:1.0:function:string-equal">
                    <xacml3:AttributeValue
                        DataType="http://www.w3.org/2001/XMLSchema#string">engdept_admins</xacml3:AttributeValue>
                    <xacml3:AttributeDesignator 
                        AttributeId="urn:oasis:names:tc:xacml:1.0:subject:group"
                        DataType="http://www.w3.org/2001/XMLSchema#string"
                        Category="urn:oasis:names:tc:xacml:3.0:attribute-category:delegate"
                        MustBePresent="false"
                    />
                </xacml3:Match>
            </xacml3:AllOf>
        </xacml3:AnyOf>
    </xacml3:Target>
    <xacml3:Rule 
            Effect="Permit"
            RuleId="http://axiomatics.com/alfa/identifier/fivePolicy.p3.Id_255">
        <xacml3:Description />
        <xacml3:Target />
    </xacml3:Rule>
</xacml3:Policy>
