<xml xmlns:o="urn:schemas-microsoft-com:office:office">
 <o:File HRef="pubmaster001.htm"/>
 <o:MainFile HRef="../ec2asp_linux.htm"/>
 <o:File HRef="image001.gif"/>
 <o:File HRef="image002.gif"/>
 <o:File HRef="image003.gif"/>
 <o:File HRef="image004.gif"/>
 <o:File HRef="image005.gif"/>
 <o:File HRef="image006.gif"/>
 <o:File HRef="page0001.htm"/>
 <o:File HRef="image002.gif"/>
 <o:File HRef="image003.gif"/>
 <o:File HRef="image004.gif"/>
 <o:File HRef="image007.gif"/>
 <o:File HRef="punused.htm"/>
 <o:File HRef="pdesgal.htm"/>
 <o:File HRef="filelist.xml"/>
</xml>